{"cameraMode":{"drawMode":0,"name":"Shaded","section":"Shading Mode"},"sceneLighting":true,"audioPlay":false,"sceneViewState":{"showFog":true,"showMaterialUpdate":false,"showSkybox":true,"showFlares":true,"showImageEffects":true,"showParticleSystems":true},"in2DMode":false,"pivot":{"x":0.0,"y":1.481567621231079,"z":0.5258662104606628},"rotation":{"x":-0.22051866352558137,"y":0.15635068714618684,"z":-0.0358256995677948,"w":-0.9621127247810364},"size":7.382344722747803,"orthographic":false}