{"cameraMode":{"drawMode":0,"name":"Shaded","section":"Shading Mode"},"sceneLighting":true,"audioPlay":false,"sceneViewState":{"showFog":true,"showMaterialUpdate":false,"showSkybox":true,"showFlares":true,"showImageEffects":true,"showParticleSystems":true},"in2DMode":false,"pivot":{"x":-0.1859130859375,"y":0.7833151817321777,"z":3.21099591255188},"rotation":{"x":0.2906365394592285,"y":-0.507645845413208,"z":0.18695035576820374,"w":0.7893571853637695},"size":3.554272174835205,"orthographic":false}