{"cameraMode":{"drawMode":0,"name":"Shaded","section":"Shading Mode"},"sceneLighting":true,"audioPlay":false,"sceneViewState":{"showFog":true,"showMaterialUpdate":false,"showSkybox":true,"showFlares":true,"showImageEffects":true,"showParticleSystems":true},"in2DMode":false,"pivot":{"x":-0.05191636085510254,"y":2.1673173904418947,"z":1.6341886520385743},"rotation":{"x":-0.12476800382137299,"y":0.13705594837665559,"z":-0.017396975308656694,"w":-0.9825333952903748},"size":5.04316520690918,"orthographic":false}